cpso_id,specialty,specialty_issued_date,specialty_type
104363,Internal Medicine,2018-06-30,RCPSC Specialist
104363,Endocrinology and Metabolism,2019-09-24,RCPSC Specialist
66987,Pediatrics,1993-06-30,RCPSC Specialist
66987,Endocrinology and Metabolism,1994-09-02,RCPSC Specialist
67684,Pediatrics,1998-11-03,RCPSC Specialist
67684,Endocrinology and Metabolism,2000-09-07,RCPSC Specialist
117347,Endocrinology and Metabolism,2020-12-10,CPSO Recognized Specialist
99232,Internal Medicine,2014-06-30,RCPSC Specialist
99232,Endocrinology and Metabolism,2015-09-21,RCPSC Specialist
100952,Pediatrics,2017-06-30,RCPSC Specialist
100952,Endocrinology and Metabolism,2019-09-24,RCPSC Specialist
82485,Internal Medicine,2009-06-30,RCPSC Specialist
82485,Endocrinology and Metabolism,2010-09-27,RCPSC Specialist
24311,Internal Medicine,1974-11-04,RCPSC Specialist
24311,Endocrinology and Metabolism,2003-09-10,RCPSC Specialist
108978,Internal Medicine,2020-06-30,RCPSC Specialist
108978,Endocrinology and Metabolism,2022-10-03,RCPSC Specialist
84138,Internal Medicine,2010-07-27,RCPSC Specialist
84138,Endocrinology and Metabolism,2011-09-26,RCPSC Specialist
88172,Endocrinology and Metabolism,2008-04-01,CPSO Recognized Specialist
111919,Internal Medicine,2021-06-30,RCPSC Specialist
111919,Endocrinology and Metabolism,2022-10-03,RCPSC Specialist
99787,Internal Medicine,2012-06-30,RCPSC Specialist
99787,Endocrinology and Metabolism,2013-09-29,RCPSC Specialist
74928,Pediatrics,2004-06-30,RCPSC Specialist
74928,Endocrinology and Metabolism,2005-09-14,RCPSC Specialist
58727,Internal Medicine,1991-11-18,RCPSC Specialist
58727,Endocrinology and Metabolism,1992-09-03,RCPSC Specialist
100159,Internal Medicine,2017-06-30,RCPSC Specialist
100159,Endocrinology and Metabolism,2018-09-26,RCPSC Specialist
78838,Pediatrics,1998-08-31,RCPSC Specialist
78838,Endocrinology and Metabolism,2004-09-15,RCPSC Specialist
76975,Internal Medicine,2003-06-30,RCPSC Specialist
76975,Endocrinology and Metabolism,2004-09-15,RCPSC Specialist
82750,Pediatrics,2010-06-09,RCPSC Specialist
82750,Endocrinology and Metabolism,2011-09-26,RCPSC Specialist
70761,Pediatrics,1997-11-03,RCPSC Specialist
70761,Endocrinology and Metabolism,2001-09-05,RCPSC Specialist
114341,Internal Medicine,2020-07-26,RCPSC Specialist
114341,Endocrinology and Metabolism,2021-09-20,RCPSC Specialist
75505,Internal Medicine,2004-06-30,RCPSC Specialist
75505,Endocrinology and Metabolism,2005-09-14,RCPSC Specialist
55098,Internal Medicine,1988-11-14,RCPSC Specialist
55098,Endocrinology and Metabolism,1990-09-07,RCPSC Specialist
100953,Internal Medicine,2019-06-30,RCPSC Specialist
100953,Endocrinology and Metabolism,2020-10-08,RCPSC Specialist
74383,Internal Medicine,2004-06-15,RCPSC Specialist
74383,Endocrinology and Metabolism,2004-10-30,RCPSC Specialist
102556,Pediatrics,2018-09-08,RCPSC Specialist
102556,Endocrinology and Metabolism,2019-09-24,RCPSC Specialist
80575,Internal Medicine,2008-06-30,RCPSC Specialist
80575,Endocrinology and Metabolism,2009-09-23,RCPSC Specialist
94823,Endocrinology and Metabolism,2016-09-27,RCPSC Specialist
90305,Internal Medicine,2013-06-30,RCPSC Specialist
90305,Endocrinology and Metabolism,2014-09-23,RCPSC Specialist
80567,Internal Medicine,2008-07-29,RCPSC Specialist
80567,Endocrinology and Metabolism,2009-09-30,RCPSC Specialist
100081,Internal Medicine,2017-09-23,RCPSC Specialist
100081,Developmental Pediatrics,2018-09-26,RCPSC Specialist
100081,Endocrinology and Metabolism,2018-09-26,RCPSC Specialist
92612,Internal Medicine,2010-03-26,CPSO Recognized Specialist
92612,Endocrinology and Metabolism,2010-03-26,CPSO Recognized Specialist
71705,Internal Medicine,2001-06-30,RCPSC Specialist
71705,Endocrinology and Metabolism,2002-09-12,RCPSC Specialist
107039,Pediatrics,2015-06-30,RCPSC Specialist
107039,Endocrinology and Metabolism,2017-09-26,RCPSC Specialist
59847,Internal Medicine,1993-06-30,RCPSC Specialist
59847,Endocrinology and Metabolism,1994-09-02,RCPSC Specialist
74870,Internal Medicine,2004-12-15,RCPSC Specialist
74870,Endocrinology and Metabolism,2006-09-13,RCPSC Specialist
62417,Internal Medicine,1994-06-30,RCPSC Specialist
62417,Endocrinology and Metabolism,1995-09-08,RCPSC Specialist
99654,Endocrinology and Metabolism,2012-11-29,CPSO Recognized Specialist
97588,Internal Medicine,2016-06-30,RCPSC Specialist
97588,Endocrinology and Metabolism,2017-09-26,RCPSC Specialist
114735,Internal Medicine,2020-06-30,RCPSC Specialist
114735,Endocrinology and Metabolism,2021-09-20,RCPSC Specialist
98352,Internal Medicine,2016-06-30,RCPSC Specialist
98352,Endocrinology and Metabolism,2017-09-26,RCPSC Specialist
102169,Internal Medicine,2013-05-02,RCPSC Specialist
102169,Endocrinology and Metabolism,2013-09-26,RCPSC Specialist
87913,Internal Medicine,2012-06-30,RCPSC Specialist
87913,Endocrinology and Metabolism,2013-09-26,RCPSC Specialist
97669,Internal Medicine,2016-06-30,RCPSC Specialist
97669,Endocrinology and Metabolism,2017-09-26,RCPSC Specialist
109221,Pediatrics,2020-09-11,RCPSC Specialist
109221,Endocrinology and Metabolism,2022-10-03,RCPSC Specialist
76073,Pediatrics,2005-06-30,RCPSC Specialist
76073,Endocrinology and Metabolism,2007-09-19,RCPSC Specialist
102756,Internal Medicine,2014-03-26,CPSO Recognized Specialist
102756,Endocrinology and Metabolism,2014-03-26,CPSO Recognized Specialist
90481,Pediatrics,2013-06-30,RCPSC Specialist
90481,Endocrinology and Metabolism,2014-09-23,RCPSC Specialist
103079,Internal Medicine,2018-12-18,RCPSC Specialist
103079,Endocrinology and Metabolism,2020-10-08,RCPSC Specialist
19936,Internal Medicine,1970-12-02,RCPSC Specialist
19936,Endocrinology and Metabolism,1985-09-05,RCPSC Specialist
90812,Endocrinology and Metabolism,2009-06-09,CPSO Recognized Specialist
95849,Internal Medicine,2015-06-30,RCPSC Specialist
95849,Endocrinology and Metabolism,2016-09-27,RCPSC Specialist
91033,Pediatrics,2014-06-30,RCPSC Specialist
91033,Endocrinology and Metabolism,2015-09-21,RCPSC Specialist
82588,Pediatrics,2009-10-19,RCPSC Specialist
82588,Endocrinology and Metabolism,2011-02-28,RCPSC Specialist
15542,Internal Medicine,1960-11-29,RCPSC Specialist
15542,Nuclear Medicine,1976-11-23,RCPSC Specialist
15542,Endocrinology and Metabolism,1985-09-05,RCPSC Specialist
91675,Endocrinology and Metabolism,2012-09-13,CPSO Recognized Specialist
77646,Internal Medicine,2006-06-30,RCPSC Specialist
77646,Endocrinology and Metabolism,2007-09-19,RCPSC Specialist
50129,Internal Medicine,1984-11-21,RCPSC Specialist
50129,Endocrinology and Metabolism,1988-09-09,RCPSC Specialist
96108,Internal Medicine,2016-06-30,RCPSC Specialist
96108,Endocrinology and Metabolism,2017-09-26,RCPSC Specialist
56094,Endocrinology and Metabolism,1989-09-08,RCPSC Specialist
133853,Internal Medicine,2022-07-11,CPSO Recognized Specialist
133853,Endocrinology and Metabolism,2022-07-11,CPSO Recognized Specialist
92472,Pediatrics,2010-06-10,RCPSC Specialist
92472,Endocrinology and Metabolism,2012-09-24,RCPSC Specialist
71266,Internal Medicine,2001-06-30,RCPSC Specialist
71266,Endocrinology and Metabolism,2002-09-12,RCPSC Specialist
84860,Internal Medicine,2010-06-30,RCPSC Specialist
84860,Endocrinology and Metabolism,2011-09-26,RCPSC Specialist
50482,Internal Medicine,1985-06-18,RCPSC Specialist
50482,Endocrinology and Metabolism,2015-04-09,CPSO Recognized Specialist
67297,Internal Medicine,1997-06-30,RCPSC Specialist
67297,Endocrinology and Metabolism,1998-09-10,RCPSC Specialist
100921,Internal Medicine,2017-06-30,RCPSC Specialist
100921,Endocrinology and Metabolism,2020-10-08,RCPSC Specialist
110561,Endocrinology and Metabolism,2016-08-01,CPSO Recognized Specialist
102869,Internal Medicine,2012-06-30,RCPSC Specialist
102869,Endocrinology and Metabolism,2013-09-26,RCPSC Specialist
66614,Internal Medicine,1997-06-30,RCPSC Specialist
66614,Endocrinology and Metabolism,1998-09-10,RCPSC Specialist
65047,Internal Medicine,1996-06-30,RCPSC Specialist
65047,Endocrinology and Metabolism,1997-09-05,RCPSC Specialist
105035,Internal Medicine,2013-06-30,RCPSC Specialist
105035,Endocrinology and Metabolism,2014-09-23,RCPSC Specialist
70170,Internal Medicine,2000-06-30,RCPSC Specialist
70170,Endocrinology and Metabolism,2001-09-05,RCPSC Specialist
32333,Internal Medicine,1980-06-09,RCPSC Specialist
32333,Endocrinology and Metabolism,1985-09-05,RCPSC Specialist
27617,Internal Medicine,1971-11-16,RCPSC Specialist
27617,Endocrinology and Metabolism,1985-09-05,RCPSC Specialist
91227,Endocrinology and Metabolism,2010-08-01,CPSO Recognized Specialist
95268,Internal Medicine,2015-06-30,RCPSC Specialist
95268,Endocrinology and Metabolism,2016-09-27,RCPSC Specialist
58829,Internal Medicine,1988-11-14,RCPSC Specialist
58829,Endocrinology and Metabolism,1989-09-08,RCPSC Specialist
33097,Internal Medicine,1984-06-14,RCPSC Specialist
33097,Endocrinology and Metabolism,1988-09-09,RCPSC Specialist
105793,Internal Medicine,2020-08-01,RCPSC Specialist
105793,Endocrinology and Metabolism,2022-03-14,RCPSC Specialist
71665,Pediatrics,2001-06-30,RCPSC Specialist
71665,Endocrinology and Metabolism,2003-09-10,RCPSC Specialist
98185,Pediatrics,2016-06-30,RCPSC Specialist
98185,Endocrinology and Metabolism,2017-09-26,RCPSC Specialist
80999,Internal Medicine,2008-06-30,RCPSC Specialist
80999,Endocrinology and Metabolism,2009-09-23,RCPSC Specialist
110521,Internal Medicine,2018-05-08,RCPSC Specialist
110521,Endocrinology and Metabolism,2019-09-24,RCPSC Specialist
108827,Internal Medicine,2020-06-30,RCPSC Specialist
108827,Endocrinology and Metabolism,2021-09-20,RCPSC Specialist
63552,Internal Medicine,1996-06-30,RCPSC Specialist
63552,Endocrinology and Metabolism,1997-09-05,RCPSC Specialist
71619,Internal Medicine,1995-06-30,RCPSC Specialist
71619,Endocrinology and Metabolism,1996-09-06,RCPSC Specialist
55784,Internal Medicine,1990-11-19,RCPSC Specialist
55784,Endocrinology and Metabolism,1991-09-06,RCPSC Specialist
33716,Internal Medicine,1984-06-11,RCPSC Specialist
33716,Endocrinology and Metabolism,1985-09-05,RCPSC Specialist
96520,Internal Medicine,2011-07-06,CPSO Recognized Specialist
96520,Endocrinology and Metabolism,2011-07-06,CPSO Recognized Specialist
100001,Internal Medicine,2005-05-02,RCPSC Specialist
100001,Endocrinology and Metabolism,2005-09-14,RCPSC Specialist
93983,Internal Medicine,2014-08-25,RCPSC Specialist
93983,Endocrinology and Metabolism,2016-09-27,RCPSC Specialist
114583,Internal Medicine,2020-06-30,RCPSC Specialist
114583,Endocrinology and Metabolism,2021-09-20,RCPSC Specialist
114306,Internal Medicine,2017-06-30,RCPSC Specialist
114306,Endocrinology and Metabolism,2018-09-26,RCPSC Specialist
72291,Internal Medicine,2002-06-30,RCPSC Specialist
72291,Endocrinology and Metabolism,2003-09-10,RCPSC Specialist
53307,Internal Medicine,1984-11-20,RCPSC Specialist
53307,Endocrinology and Metabolism,1985-09-05,RCPSC Specialist
32834,Internal Medicine,1982-06-07,RCPSC Specialist
32834,Endocrinology and Metabolism,1985-09-05,RCPSC Specialist
108084,Pediatrics,2012-06-30,RCPSC Specialist
108084,Endocrinology and Metabolism,2013-09-26,RCPSC Specialist
96707,Internal Medicine,2009-05-05,RCPSC Specialist
96707,Endocrinology and Metabolism,2013-09-26,RCPSC Specialist
87099,Internal Medicine,2007-05-02,RCPSC Specialist
87099,Endocrinology and Metabolism,2009-09-23,RCPSC Specialist
109500,Internal Medicine,2021-05-03,RCPSC Specialist
109500,Endocrinology and Metabolism,2022-10-03,RCPSC Specialist
72144,Endocrinology and Metabolism,1998-04-24,RCPSC Specialist
108929,Internal Medicine,2020-10-18,RCPSC Specialist
108929,Endocrinology and Metabolism,2021-09-20,RCPSC Specialist
88917,Internal Medicine,2012-06-30,RCPSC Specialist
88917,Endocrinology and Metabolism,2013-12-31,RCPSC Specialist
95694,Pediatrics,2015-06-30,RCPSC Specialist
95694,Endocrinology and Metabolism,2017-09-26,RCPSC Specialist
86720,Internal Medicine,2011-06-30,RCPSC Specialist
86720,Endocrinology and Metabolism,2013-02-13,RCPSC Specialist
95277,Internal Medicine,2015-06-30,RCPSC Specialist
95277,Endocrinology and Metabolism,2016-09-27,RCPSC Specialist
70483,Pediatrics,1994-06-30,RCPSC Specialist
70483,Endocrinology and Metabolism,1997-09-05,RCPSC Specialist
68097,Pediatrics,1998-06-30,RCPSC Specialist
68097,Endocrinology and Metabolism,2000-09-07,RCPSC Specialist
76417,Internal Medicine,2005-06-30,RCPSC Specialist
76417,Endocrinology and Metabolism,2007-09-19,RCPSC Specialist
28953,Pediatrics,1980-05-23,RCPSC Specialist
28953,Endocrinology and Metabolism,1986-09-04,RCPSC Specialist
97616,Internal Medicine,2012-05-31,CPSO Recognized Specialist
97616,Endocrinology and Metabolism,2012-05-31,CPSO Recognized Specialist
58978,Internal Medicine,1992-11-17,RCPSC Specialist
58978,Endocrinology and Metabolism,1995-09-08,RCPSC Specialist
97048,Internal Medicine,2013-05-30,RCPSC Specialist
97048,Endocrinology and Metabolism,2014-09-23,RCPSC Specialist
86200,Internal Medicine,2011-06-30,RCPSC Specialist
86200,Endocrinology and Metabolism,2012-09-24,RCPSC Specialist
104361,Internal Medicine,2018-06-30,RCPSC Specialist
104361,Endocrinology and Metabolism,2019-09-24,RCPSC Specialist
30137,Internal Medicine,1985-11-19,RCPSC Specialist
30137,Endocrinology and Metabolism,1986-09-04,RCPSC Specialist
72810,Internal Medicine,2000-06-30,RCPSC Specialist
72810,Endocrinology and Metabolism,2001-09-05,RCPSC Specialist
108918,Endocrinology and Metabolism,2016-05-26,CPSO Recognized Specialist
96724,Internal Medicine,2015-08-24,RCPSC Specialist
96724,Endocrinology and Metabolism,2017-09-26,RCPSC Specialist
56985,Internal Medicine,1990-06-05,RCPSC Specialist
56985,Endocrinology and Metabolism,1991-09-06,RCPSC Specialist
59368,Endocrinology and Metabolism,1993-09-03,RCPSC Specialist
87387,Endocrinology and Metabolism,2016-04-07,CPSO Recognized Specialist
87387,Medical Biochemistry,2016-04-07,CPSO Recognized Specialist
93035,Pediatrics,2014-06-30,RCPSC Specialist
93035,Endocrinology and Metabolism,2016-09-27,RCPSC Specialist
82881,Internal Medicine,2009-10-20,RCPSC Specialist
82881,Endocrinology and Metabolism,2011-09-26,RCPSC Specialist
86517,Internal Medicine,2011-06-30,RCPSC Specialist
86517,Endocrinology and Metabolism,2012-09-24,RCPSC Specialist
97879,Internal Medicine,2016-12-14,RCPSC Specialist
97879,Endocrinology and Metabolism,2018-09-26,RCPSC Specialist
97889,Internal Medicine,2016-06-30,RCPSC Specialist
97889,Endocrinology and Metabolism,2017-09-26,RCPSC Specialist
92932,Internal Medicine,2014-06-30,RCPSC Specialist
92932,Endocrinology and Metabolism,2015-09-21,RCPSC Specialist
61835,Internal Medicine,1989-06-13,RCPSC Specialist
61835,Endocrinology and Metabolism,1990-09-07,RCPSC Specialist
21854,Internal Medicine,1971-11-15,RCPSC Specialist
21854,Endocrinology and Metabolism,1985-09-05,RCPSC Specialist
54772,Internal Medicine,1985-11-18,RCPSC Specialist
54772,Endocrinology and Metabolism,1986-09-04,RCPSC Specialist
77256,Internal Medicine,2005-06-16,RCPSC Specialist
77256,Endocrinology and Metabolism,2006-12-31,RCPSC Specialist
90009,Pediatrics,2011-06-30,RCPSC Specialist
90009,Endocrinology and Metabolism,2014-09-23,RCPSC Specialist
65716,Internal Medicine,1989-06-06,RCPSC Specialist
65716,Endocrinology and Metabolism,1990-09-07,RCPSC Specialist
30072,Internal Medicine,1981-11-16,RCPSC Specialist
30072,Endocrinology and Metabolism,1985-09-05,RCPSC Specialist
51605,Internal Medicine,1992-11-18,RCPSC Specialist
51605,Endocrinology and Metabolism,1994-09-02,RCPSC Specialist
100127,Pediatrics,2012-05-31,RCPSC Specialist
100127,Endocrinology and Metabolism,2013-11-10,RCPSC Specialist
100127,Neonatal-Perinatal Medicine,2015-09-21,RCPSC Specialist
50539,Internal Medicine,1987-06-12,RCPSC Specialist
50539,Endocrinology and Metabolism,1989-09-08,RCPSC Specialist
107872,Internal Medicine,2017-06-30,RCPSC Specialist
107872,Endocrinology and Metabolism,2019-09-26,RCPSC Specialist
30247,Internal Medicine,1978-01-01,RCPSC Specialist
30247,Endocrinology and Metabolism,1986-11-06,RCPSC Specialist
108819,Internal Medicine,2020-09-30,RCPSC Specialist
108819,Endocrinology and Metabolism,2021-09-20,RCPSC Specialist
79069,Internal Medicine,2007-06-30,RCPSC Specialist
79069,Endocrinology and Metabolism,2008-09-17,RCPSC Specialist
103113,Internal Medicine,2018-06-30,RCPSC Specialist
103113,Endocrinology and Metabolism,2019-09-24,RCPSC Specialist
86687,Endocrinology and Metabolism,2007-06-11,CPSO Recognized Specialist
86687,Internal Medicine,2007-06-11,CPSO Recognized Specialist
112039,Internal Medicine,2021-06-30,RCPSC Specialist
112039,Endocrinology and Metabolism,2022-10-03,RCPSC Specialist
81045,Internal Medicine,2008-06-30,RCPSC Specialist
81045,Endocrinology and Metabolism,2009-09-23,RCPSC Specialist
51411,Internal Medicine,1985-06-17,RCPSC Specialist
51411,Endocrinology and Metabolism,1988-09-09,RCPSC Specialist
18307,Internal Medicine,1966-01-01,RCPSC Specialist
18307,Endocrinology and Metabolism,1985-09-05,RCPSC Specialist
72756,Internal Medicine,2002-06-30,RCPSC Specialist
72756,Endocrinology and Metabolism,2003-09-10,RCPSC Specialist
76480,Internal Medicine,2005-06-30,RCPSC Specialist
76480,Endocrinology and Metabolism,2006-09-13,RCPSC Specialist
96087,Pediatrics,2015-06-30,RCPSC Specialist
96087,Endocrinology and Metabolism,2019-09-24,RCPSC Specialist
82207,Internal Medicine,2005-02-24,CPSO Recognized Specialist
82207,Endocrinology and Metabolism,2005-02-24,CPSO Recognized Specialist
108682,Internal Medicine,2018-06-30,RCPSC Specialist
108682,Endocrinology and Metabolism,2019-09-24,RCPSC Specialist
67403,Internal Medicine,1991-11-18,RCPSC Specialist
67403,Endocrinology and Metabolism,1992-09-03,RCPSC Specialist
83843,Internal Medicine,2008-05-09,RCPSC Specialist
83843,Endocrinology and Metabolism,2008-09-17,RCPSC Specialist
106060,Pediatrics,2019-06-30,RCPSC Specialist
106060,Endocrinology and Metabolism,2020-10-08,RCPSC Specialist
32772,Internal Medicine,1979-01-01,RCPSC Specialist
32772,Endocrinology and Metabolism,2010-10-14,CPSO Recognized Specialist
50631,Internal Medicine,1985-06-20,RCPSC Specialist
50631,Endocrinology and Metabolism,1986-09-04,RCPSC Specialist
102703,Pediatrics,2016-09-23,RCPSC Specialist
102703,Endocrinology and Metabolism,2018-11-29,RCPSC Specialist
55212,Internal Medicine,1990-06-04,RCPSC Specialist
55212,Endocrinology and Metabolism,1990-09-07,RCPSC Specialist
77928,Internal Medicine,2006-06-30,RCPSC Specialist
77928,Endocrinology and Metabolism,2007-09-19,RCPSC Specialist
83971,Internal Medicine,2006-01-06,RCPSC Specialist
83971,Endocrinology and Metabolism,2006-01-06,RCPSC Specialist
94808,Internal Medicine,2013-06-30,RCPSC Specialist
94808,Endocrinology and Metabolism,2014-09-23,RCPSC Specialist
100867,Pediatrics,2017-06-30,RCPSC Specialist
100867,Endocrinology and Metabolism,2018-09-26,RCPSC Specialist
93869,Internal Medicine,2014-06-30,RCPSC Specialist
93869,Endocrinology and Metabolism,2015-09-21,RCPSC Specialist
58337,Internal Medicine,1991-06-05,RCPSC Specialist
58337,Endocrinology and Metabolism,1992-09-03,RCPSC Specialist
93422,Internal Medicine,2014-12-29,RCPSC Specialist
93422,Endocrinology and Metabolism,2015-12-29,RCPSC Specialist
93075,Internal Medicine,2014-06-30,RCPSC Specialist
93075,Endocrinology and Metabolism,2015-09-21,RCPSC Specialist
80883,Pediatrics,2008-12-31,RCPSC Specialist
80883,Endocrinology and Metabolism,2011-09-26,RCPSC Specialist
54128,Internal Medicine,1988-06-14,RCPSC Specialist
54128,Endocrinology and Metabolism,1989-09-08,RCPSC Specialist
96285,Endocrinology and Metabolism,2016-11-30,CPSO Recognized Specialist
29217,Internal Medicine,1981-01-01,RCPSC Specialist
29217,Endocrinology and Metabolism,1985-09-05,RCPSC Specialist
17260,Internal Medicine,1967-01-01,RCPSC Specialist
17260,Endocrinology and Metabolism,1985-09-05,RCPSC Specialist
32122,Internal Medicine,1984-06-18,RCPSC Specialist
32122,Endocrinology and Metabolism,1987-09-11,RCPSC Specialist
104793,Pediatrics,2014-06-30,RCPSC Specialist
104793,Endocrinology and Metabolism,2015-09-21,RCPSC Specialist
58537,Internal Medicine,1991-06-03,RCPSC Specialist
58537,Endocrinology and Metabolism,1992-09-03,RCPSC Specialist
50646,Internal Medicine,1986-06-24,RCPSC Specialist
50646,Endocrinology and Metabolism,1987-09-11,RCPSC Specialist
31531,Internal Medicine,1983-06-06,RCPSC Specialist
31531,Endocrinology and Metabolism,2015-05-21,CPSO Recognized Specialist
99049,Internal Medicine,2012-07-09,CPSO Recognized Specialist
99049,Endocrinology and Metabolism,2012-07-09,CPSO Recognized Specialist
88805,Internal Medicine,2012-06-30,RCPSC Specialist
88805,Endocrinology and Metabolism,2013-09-26,RCPSC Specialist
73614,Internal Medicine,2003-06-30,RCPSC Specialist
73614,Endocrinology and Metabolism,2004-09-15,RCPSC Specialist
73614,Critical Care Medicine,2005-06-30,RCPSC Specialist
70119,Pediatrics,2000-06-30,RCPSC Specialist
70119,Endocrinology and Metabolism,2001-09-05,RCPSC Specialist
86531,Internal Medicine,2011-06-30,RCPSC Specialist
86531,Endocrinology and Metabolism,2013-09-26,RCPSC Specialist
65102,Pediatrics,1996-06-30,RCPSC Specialist
65102,Endocrinology and Metabolism,1998-09-10,RCPSC Specialist
119901,Endocrinology and Metabolism,2021-02-19,CPSO Recognized Specialist
29091,Internal Medicine,1977-03-28,RCPSC Specialist
29091,Endocrinology and Metabolism,1985-09-05,RCPSC Specialist
111859,Internal Medicine,2017-05-08,RCPSC Specialist
111859,Endocrinology and Metabolism,2018-09-26,RCPSC Specialist
71416,Pediatrics,1998-06-30,RCPSC Specialist
71416,Endocrinology and Metabolism,2001-09-05,RCPSC Specialist
70315,Internal Medicine,2000-06-30,RCPSC Specialist
70315,Endocrinology and Metabolism,2001-09-05,RCPSC Specialist
116736,Internal Medicine,2012-06-30,RCPSC Specialist
116736,Endocrinology and Metabolism,2013-09-26,RCPSC Specialist
71439,Internal Medicine,2001-06-30,RCPSC Specialist
71439,Endocrinology and Metabolism,2002-09-12,RCPSC Specialist
142748,Internal Medicine,2022-03-24,RCPSC Specialist
142748,Endocrinology and Metabolism,2021-10-22,RCPSC Specialist
62595,Internal Medicine,1994-06-30,RCPSC Specialist
62595,Endocrinology and Metabolism,1995-09-08,RCPSC Specialist
50701,Internal Medicine,1985-06-17,RCPSC Specialist
50701,Endocrinology and Metabolism,1987-09-11,RCPSC Specialist
94932,Pediatrics,2013-06-30,RCPSC Specialist
94932,Endocrinology and Metabolism,2015-09-21,RCPSC Specialist
97081,Internal Medicine,2013-06-30,RCPSC Specialist
97081,Endocrinology and Metabolism,2015-09-21,RCPSC Specialist
31229,Pediatrics,1974-01-01,RCPSC Specialist
31229,Endocrinology and Metabolism,1987-09-11,RCPSC Specialist
111654,Internal Medicine,2020-04-30,RCPSC Specialist
111654,Endocrinology and Metabolism,2021-09-20,RCPSC Specialist
50792,Endocrinology and Metabolism,1987-09-11,RCPSC Specialist
50792,Internal Medicine,1986-06-23,RCPSC Specialist
52937,Internal Medicine,1988-06-13,RCPSC Specialist
52937,Endocrinology and Metabolism,1989-09-08,RCPSC Specialist
29336,Internal Medicine,1981-01-01,RCPSC Specialist
29336,Endocrinology and Metabolism,1985-09-05,RCPSC Specialist
62623,Internal Medicine,1994-06-30,RCPSC Specialist
62623,Endocrinology and Metabolism,1995-09-08,RCPSC Specialist
70355,Pediatrics,2000-11-06,RCPSC Specialist
70355,Endocrinology and Metabolism,2002-09-12,RCPSC Specialist
70427,Internal Medicine,2000-06-30,RCPSC Specialist
70427,Endocrinology and Metabolism,2001-09-05,RCPSC Specialist
117088,Internal Medicine,2017-06-30,RCPSC Specialist
117088,Endocrinology and Metabolism,2018-09-26,RCPSC Specialist
66395,Internal Medicine,1997-06-30,RCPSC Specialist
66395,Endocrinology and Metabolism,1998-09-10,RCPSC Specialist
109171,Internal Medicine,2020-06-30,RCPSC Specialist
109171,Endocrinology and Metabolism,2021-09-20,RCPSC Specialist
100144,Internal Medicine,2015-06-30,RCPSC Specialist
100144,Endocrinology and Metabolism,2017-01-15,RCPSC Specialist
100714,Internal Medicine,2017-06-30,RCPSC Specialist
100714,Endocrinology and Metabolism,2018-09-26,RCPSC Specialist
97558,Internal Medicine,2016-06-30,RCPSC Specialist
97558,Endocrinology and Metabolism,2017-09-26,RCPSC Specialist
94812,Pediatrics,2013-06-30,RCPSC Specialist
94812,Endocrinology and Metabolism,2015-09-21,RCPSC Specialist
81990,Internal Medicine,2011-05-02,RCPSC Specialist
81990,Endocrinology and Metabolism,2013-09-26,RCPSC Specialist
86115,Internal Medicine,2009-06-30,RCPSC Specialist
86115,Endocrinology and Metabolism,2010-09-27,RCPSC Specialist
133048,Internal Medicine,2022-02-01,CPSO Recognized Specialist
133048,Endocrinology and Metabolism,2022-02-01,CPSO Recognized Specialist
133048,Gastroenterology,2022-02-01,CPSO Recognized Specialist
58323,Internal Medicine,1991-06-05,RCPSC Specialist
58323,Endocrinology and Metabolism,1992-09-03,RCPSC Specialist
102937,Internal Medicine,2018-06-30,RCPSC Specialist
102937,Endocrinology and Metabolism,2020-10-08,RCPSC Specialist
109008,Pediatrics,2020-09-11,RCPSC Specialist
109008,Endocrinology and Metabolism,2021-10-22,RCPSC Specialist
29037,Internal Medicine,1976-11-09,RCPSC Specialist
29037,Endocrinology and Metabolism,1985-09-05,RCPSC Specialist
76049,Internal Medicine,2005-06-30,RCPSC Specialist
76049,Endocrinology and Metabolism,2007-09-13,RCPSC Specialist
53273,Internal Medicine,1984-06-12,RCPSC Specialist
53273,Endocrinology and Metabolism,1985-09-05,RCPSC Specialist
83835,Internal Medicine,2005-06-14,RCPSC Specialist
83835,Endocrinology and Metabolism,2006-09-13,RCPSC Specialist
101996,Endocrinology and Metabolism,2014-10-01,CPSO Recognized Specialist
54532,Internal Medicine,1988-06-16,RCPSC Specialist
54532,Endocrinology and Metabolism,1989-09-08,RCPSC Specialist
56790,Internal Medicine,1990-06-04,RCPSC Specialist
56790,Endocrinology and Metabolism,1991-09-06,RCPSC Specialist
127763,Endocrinology and Metabolism,2023-04-14,CPSO Recognized Specialist
127763,Internal Medicine,2023-04-14,CPSO Recognized Specialist
102429,Internal Medicine,2016-06-30,RCPSC Specialist
102429,Endocrinology and Metabolism,2017-09-26,RCPSC Specialist
54104,Internal Medicine,1988-06-15,RCPSC Specialist
54104,Endocrinology and Metabolism,1990-09-07,RCPSC Specialist
105262,Internal Medicine,2018-05-07,RCPSC Specialist
105262,Endocrinology and Metabolism,2018-09-26,RCPSC Specialist
30083,Internal Medicine,1988-06-06,RCPSC Specialist
30083,Endocrinology and Metabolism,1989-09-08,RCPSC Specialist
90176,Internal Medicine,2003-05-08,RCPSC Specialist
90176,Endocrinology and Metabolism,2013-03-27,CPSO Recognized Specialist
106951,Internal Medicine,2019-06-30,RCPSC Specialist
106951,Endocrinology and Metabolism,2020-10-08,RCPSC Specialist
77309,Internal Medicine,2003-06-30,RCPSC Specialist
77309,Endocrinology and Metabolism,2005-09-14,RCPSC Specialist
96186,Internal Medicine,2016-06-30,RCPSC Specialist
96186,Endocrinology and Metabolism,2017-09-26,RCPSC Specialist
83892,Internal Medicine,2003-06-26,RCPSC Specialist
83892,Endocrinology and Metabolism,2003-09-10,RCPSC Specialist
124706,Endocrinology and Metabolism,2021-11-15,CPSO Recognized Specialist
106966,Internal Medicine,2019-07-17,RCPSC Specialist
106966,Endocrinology and Metabolism,2020-10-08,RCPSC Specialist
90281,Pediatrics,2011-06-30,RCPSC Specialist
90281,Endocrinology and Metabolism,2012-09-24,RCPSC Specialist
116668,Internal Medicine,2018-09-01,CPSO Recognized Specialist
116668,Endocrinology and Metabolism,2018-09-01,CPSO Recognized Specialist
22828,Internal Medicine,1970-03-10,RCPSC Specialist
22828,Endocrinology and Metabolism,1987-09-11,RCPSC Specialist
76234,Internal Medicine,2005-06-30,RCPSC Specialist
76234,Endocrinology and Metabolism,2006-09-13,RCPSC Specialist
33498,Internal Medicine,1981-06-08,RCPSC Specialist
33498,Geriatric Medicine,1982-12-07,RCPSC Specialist
33498,Endocrinology and Metabolism,1987-09-11,RCPSC Specialist
50977,Pediatrics,1985-06-13,RCPSC Specialist
50977,Endocrinology and Metabolism,1988-09-09,RCPSC Specialist
43450,Endocrinology and Metabolism,1986-09-04,RCPSC Specialist
43450,Internal Medicine,1980-06-11,RCPSC Specialist
80859,Internal Medicine,2008-12-31,RCPSC Specialist
80859,Endocrinology and Metabolism,2009-12-31,RCPSC Specialist
90442,Internal Medicine,2011-06-30,RCPSC Specialist
90442,Endocrinology and Metabolism,2012-11-30,RCPSC Specialist
109341,Internal Medicine,2017-06-30,RCPSC Specialist
109341,Endocrinology and Metabolism,2019-09-24,RCPSC Specialist
60684,Internal Medicine,1993-06-30,RCPSC Specialist
60684,Endocrinology and Metabolism,1994-09-02,RCPSC Specialist
65425,Internal Medicine,1996-06-30,RCPSC Specialist
65425,Endocrinology and Metabolism,1997-09-05,RCPSC Specialist
102915,Internal Medicine,2018-06-30,RCPSC Specialist
102915,Endocrinology and Metabolism,2019-09-24,RCPSC Specialist
108700,Endocrinology and Metabolism,2016-04-12,CPSO Recognized Specialist
56025,Internal Medicine,1993-11-17,RCPSC Specialist
56025,Endocrinology and Metabolism,1995-09-08,RCPSC Specialist
94866,Internal Medicine,2013-07-31,RCPSC Specialist
94866,Endocrinology and Metabolism,2014-10-25,RCPSC Specialist
113751,Internal Medicine,2017-09-05,CPSO Recognized Specialist
113751,Endocrinology and Metabolism,2017-09-05,CPSO Recognized Specialist
106817,Internal Medicine,2019-06-30,RCPSC Specialist
106817,Endocrinology and Metabolism,2020-10-08,RCPSC Specialist
100757,Pediatrics,2017-06-30,RCPSC Specialist
100757,Endocrinology and Metabolism,2018-09-26,RCPSC Specialist
59453,Internal Medicine,1992-06-03,RCPSC Specialist
59453,Endocrinology and Metabolism,1993-09-03,RCPSC Specialist
71024,Internal Medicine,1996-06-30,RCPSC Specialist
71024,Endocrinology and Metabolism,1997-09-05,RCPSC Specialist
63940,Internal Medicine,1995-06-30,RCPSC Specialist
63940,Endocrinology and Metabolism,1996-09-06,RCPSC Specialist
114801,Internal Medicine,2017-06-30,RCPSC Specialist
114801,Endocrinology and Metabolism,2018-09-26,RCPSC Specialist
86794,Internal Medicine,2013-05-30,RCPSC Specialist
86794,Endocrinology and Metabolism,2013-09-26,RCPSC Specialist
54136,Internal Medicine,1987-11-17,RCPSC Specialist
54136,Endocrinology and Metabolism,1989-09-08,RCPSC Specialist
58793,Pediatrics,1993-06-30,RCPSC Specialist
58793,Endocrinology and Metabolism,1995-09-08,RCPSC Specialist
60671,Pediatrics,1993-06-30,RCPSC Specialist
60671,Endocrinology and Metabolism,1994-09-02,RCPSC Specialist
102286,Pediatrics,2016-06-30,RCPSC Specialist
102286,Endocrinology and Metabolism,2018-09-26,RCPSC Specialist
52803,Internal Medicine,1988-06-07,RCPSC Specialist
52803,Endocrinology and Metabolism,1989-09-08,RCPSC Specialist
70124,Internal Medicine,2002-05-17,RCPSC Specialist
70124,Endocrinology and Metabolism,2003-09-10,RCPSC Specialist
68108,Internal Medicine,1998-06-30,RCPSC Specialist
68108,Endocrinology and Metabolism,1999-09-09,RCPSC Specialist
106685,Internal Medicine,2019-06-30,RCPSC Specialist
106685,Endocrinology and Metabolism,2020-10-08,RCPSC Specialist
109572,Internal Medicine,2020-06-30,RCPSC Specialist
109572,Endocrinology and Metabolism,2021-09-20,RCPSC Specialist
92255,Internal Medicine,2008-06-30,RCPSC Specialist
92255,Endocrinology and Metabolism,2009-11-15,RCPSC Specialist
29253,Internal Medicine,1980-11-12,RCPSC Specialist
29253,Endocrinology and Metabolism,1985-09-05,RCPSC Specialist
107585,Internal Medicine,2017-06-30,RCPSC Specialist
107585,Endocrinology and Metabolism,2018-09-26,RCPSC Specialist
70213,Internal Medicine,2000-06-30,RCPSC Specialist
70213,Endocrinology and Metabolism,2001-09-05,RCPSC Specialist
72476,Internal Medicine,2003-05-09,RCPSC Specialist
72476,Endocrinology and Metabolism,2004-09-15,RCPSC Specialist
61945,Internal Medicine,1989-11-16,RCPSC Specialist
61945,Endocrinology and Metabolism,2010-08-05,CPSO Recognized Specialist
72347,Internal Medicine,2002-06-30,RCPSC Specialist
72347,Endocrinology and Metabolism,2003-09-10,RCPSC Specialist
105683,Internal Medicine,2017-06-30,RCPSC Specialist
105683,Endocrinology and Metabolism,2018-09-26,RCPSC Specialist
108691,Internal Medicine,2018-06-30,RCPSC Specialist
108691,Endocrinology and Metabolism,2019-09-24,RCPSC Specialist
79640,Internal Medicine,2004-06-30,RCPSC Specialist
79640,Endocrinology and Metabolism,2005-09-14,RCPSC Specialist
84602,Internal Medicine,2010-06-30,RCPSC Specialist
84602,Endocrinology and Metabolism,2011-09-26,RCPSC Specialist
117462,Internal Medicine,2021-09-08,RCPSC Specialist
117462,Endocrinology and Metabolism,2022-10-03,RCPSC Specialist
55761,Internal Medicine,1989-06-15,RCPSC Specialist
55761,Endocrinology and Metabolism,1990-09-07,RCPSC Specialist
82946,Internal Medicine,2011-05-05,RCPSC Specialist
82946,Endocrinology and Metabolism,2012-09-24,RCPSC Specialist
112918,Pediatrics,2018-06-30,RCPSC Specialist
112918,Endocrinology and Metabolism,2019-09-24,RCPSC Specialist
103821,Internal Medicine,2018-06-30,RCPSC Specialist
103821,Endocrinology and Metabolism,2019-09-24,RCPSC Specialist
105894,Internal Medicine,2019-06-30,RCPSC Specialist
105894,Endocrinology and Metabolism,2020-10-08,RCPSC Specialist
86801,Pediatrics,2011-06-30,RCPSC Specialist
86801,Endocrinology and Metabolism,2012-09-24,RCPSC Specialist
71864,Internal Medicine,1984-11-19,RCPSC Specialist
71864,Endocrinology and Metabolism,1990-09-07,RCPSC Specialist
89790,Internal Medicine,2010-06-30,RCPSC Specialist
89790,Endocrinology and Metabolism,2011-09-26,RCPSC Specialist
76448,Internal Medicine,2005-06-30,RCPSC Specialist
76448,Endocrinology and Metabolism,2006-09-13,RCPSC Specialist
89041,Internal Medicine,2012-06-30,RCPSC Specialist
89041,Endocrinology and Metabolism,2013-09-26,RCPSC Specialist
113108,Internal Medicine,2021-06-30,RCPSC Specialist
113108,Endocrinology and Metabolism,2022-10-03,RCPSC Specialist
108511,Internal Medicine,2018-06-30,RCPSC Specialist
108511,Endocrinology and Metabolism,2019-09-24,RCPSC Specialist
90391,Internal Medicine,2011-06-30,RCPSC Specialist
90391,Endocrinology and Metabolism,2012-09-24,RCPSC Specialist
81537,Pediatrics,2001-06-30,RCPSC Specialist
81537,Endocrinology and Metabolism,2004-09-15,RCPSC Specialist
73984,Internal Medicine,2003-06-30,RCPSC Specialist
73984,Endocrinology and Metabolism,2004-09-15,RCPSC Specialist
94991,Internal Medicine,2013-09-24,RCPSC Specialist
94991,Endocrinology and Metabolism,2014-09-23,RCPSC Specialist
95537,Internal Medicine,2014-06-30,RCPSC Specialist
95537,Endocrinology and Metabolism,2015-09-21,RCPSC Specialist
84541,Internal Medicine,2010-06-30,RCPSC Specialist
84541,Endocrinology and Metabolism,2015-09-21,RCPSC Specialist
96792,Internal Medicine,2011-06-08,RCPSC Specialist
96792,Endocrinology and Metabolism,2012-09-24,RCPSC Specialist
71201,Internal Medicine,2001-06-30,RCPSC Specialist
71201,Endocrinology and Metabolism,2003-01-24,RCPSC Specialist
80151,Internal Medicine,2004-08-31,RCPSC Specialist
80151,Endocrinology and Metabolism,2007-10-31,RCPSC Specialist
71340,Pediatrics,2001-06-30,RCPSC Specialist
71340,Endocrinology and Metabolism,2003-09-10,RCPSC Specialist
105936,Pediatrics,2019-06-30,RCPSC Specialist
105936,Endocrinology and Metabolism,2020-10-08,RCPSC Specialist
105474,Internal Medicine,2014-05-05,RCPSC Specialist
105474,Endocrinology and Metabolism,2014-09-23,RCPSC Specialist
86396,Internal Medicine,2011-06-30,RCPSC Specialist
86396,Endocrinology and Metabolism,2012-09-24,RCPSC Specialist
70776,Internal Medicine,1995-06-06,RCPSC Specialist
70776,Endocrinology and Metabolism,1998-09-10,RCPSC Specialist
64922,Internal Medicine,1993-06-30,RCPSC Specialist
64922,Endocrinology and Metabolism,1994-09-02,RCPSC Specialist
95404,Internal Medicine,2015-06-30,RCPSC Specialist
95404,Endocrinology and Metabolism,2016-09-27,RCPSC Specialist
67790,Pediatrics,1998-06-30,RCPSC Specialist
67790,Endocrinology and Metabolism,2005-09-14,RCPSC Specialist
70209,Internal Medicine,2000-06-30,RCPSC Specialist
70209,Endocrinology and Metabolism,2001-09-05,RCPSC Specialist
100172,Internal Medicine,2015-06-30,RCPSC Specialist
100172,Endocrinology and Metabolism,2016-09-27,RCPSC Specialist
84491,Internal Medicine,2008-06-30,RCPSC Specialist
84491,Endocrinology and Metabolism,2009-09-23,RCPSC Specialist
55582,Internal Medicine,1989-11-17,RCPSC Specialist
55582,Endocrinology and Metabolism,1990-09-07,RCPSC Specialist
51175,Internal Medicine,1985-06-18,RCPSC Specialist
51175,Endocrinology and Metabolism,1991-09-06,RCPSC Specialist
54082,Internal Medicine,1988-06-13,RCPSC Specialist
54082,Endocrinology and Metabolism,1988-09-09,RCPSC Specialist
114979,Internal Medicine,2020-06-30,RCPSC Specialist
114979,Endocrinology and Metabolism,2021-09-20,RCPSC Specialist
76734,Internal Medicine,2002-06-30,RCPSC Specialist
76734,Endocrinology and Metabolism,2003-09-10,RCPSC Specialist
76734,Critical Care Medicine,2004-06-30,RCPSC Specialist
53695,Internal Medicine,1983-06-08,RCPSC Specialist
53695,Endocrinology and Metabolism,1985-09-05,RCPSC Specialist
62133,Internal Medicine,1994-06-30,RCPSC Specialist
62133,Endocrinology and Metabolism,1995-09-08,RCPSC Specialist
51197,Internal Medicine,1987-06-12,RCPSC Specialist
51197,Endocrinology and Metabolism,1988-09-09,RCPSC Specialist
106016,Endocrinology and Metabolism,2017-04-20,CPSO Recognized Specialist
84395,Internal Medicine,2010-06-30,RCPSC Specialist
84395,Endocrinology and Metabolism,2011-09-26,RCPSC Specialist
58286,Internal Medicine,1992-06-09,RCPSC Specialist
58286,Endocrinology and Metabolism,1993-09-03,RCPSC Specialist
109480,Internal Medicine,2018-06-30,RCPSC Specialist
109480,Endocrinology and Metabolism,2019-09-24,RCPSC Specialist
74840,Internal Medicine,2004-06-30,RCPSC Specialist
74840,Endocrinology and Metabolism,2005-09-14,RCPSC Specialist
102959,Internal Medicine,2018-06-30,RCPSC Specialist
102959,Endocrinology and Metabolism,2019-09-24,RCPSC Specialist
120131,Internal Medicine,2019-06-18,RCPSC Specialist
120131,Endocrinology and Metabolism,2019-09-24,RCPSC Specialist
100082,Internal Medicine,2019-12-29,RCPSC Specialist
100082,Endocrinology and Metabolism,2020-12-29,RCPSC Specialist
57686,Internal Medicine,1990-11-22,RCPSC Specialist
57686,Endocrinology and Metabolism,1991-09-06,RCPSC Specialist
81091,Internal Medicine,2005-08-22,RCPSC Specialist
81091,Endocrinology and Metabolism,2010-09-27,RCPSC Specialist
86354,Internal Medicine,2011-06-30,RCPSC Specialist
86354,Endocrinology and Metabolism,2012-09-24,RCPSC Specialist
103867,Internal Medicine,2018-06-30,RCPSC Specialist
103867,Endocrinology and Metabolism,2020-02-29,RCPSC Specialist
112790,Internal Medicine,2021-06-30,RCPSC Specialist
112790,Endocrinology and Metabolism,2022-10-03,RCPSC Specialist
117732,Internal Medicine,2021-06-30,RCPSC Specialist
117732,Endocrinology and Metabolism,2022-10-03,RCPSC Specialist
94755,Internal Medicine,2009-06-30,RCPSC Specialist
94755,Endocrinology and Metabolism,2010-09-27,RCPSC Specialist
82455,Internal Medicine,2009-06-30,RCPSC Specialist
82455,Endocrinology and Metabolism,2010-09-27,RCPSC Specialist
75904,Pediatrics,1989-11-30,RCPSC Specialist
75904,Endocrinology and Metabolism,1991-09-06,RCPSC Specialist
82143,Internal Medicine,2009-06-30,RCPSC Specialist
82143,Endocrinology and Metabolism,2010-09-27,RCPSC Specialist
88542,Internal Medicine,2012-06-30,RCPSC Specialist
88542,Endocrinology and Metabolism,2013-09-26,RCPSC Specialist
80545,Endocrinology and Metabolism,2009-09-23,RCPSC Specialist
87615,Internal Medicine,2009-06-30,RCPSC Specialist
87615,Endocrinology and Metabolism,2010-09-27,RCPSC Specialist
97933,Internal Medicine,2016-06-30,RCPSC Specialist
97933,Endocrinology and Metabolism,2018-09-26,RCPSC Specialist
81711,Internal Medicine,2015-06-03,RCPSC Specialist
81711,Endocrinology and Metabolism,2016-09-27,RCPSC Specialist
75198,Pediatrics,2004-06-30,RCPSC Specialist
75198,Endocrinology and Metabolism,2006-09-13,RCPSC Specialist
110691,Internal Medicine,2016-08-15,CPSO Recognized Specialist
110691,Endocrinology and Metabolism,2016-08-15,CPSO Recognized Specialist
103448,Pediatrics,2018-09-25,RCPSC Specialist
103448,Endocrinology and Metabolism,2019-09-25,RCPSC Specialist
87691,Internal Medicine,2004-06-17,RCPSC Specialist
87691,Endocrinology and Metabolism,2007-09-19,RCPSC Specialist
68131,Internal Medicine,1999-11-15,RCPSC Specialist
68131,Endocrinology and Metabolism,2000-09-07,RCPSC Specialist
59719,Internal Medicine,1992-06-02,RCPSC Specialist
59719,Endocrinology and Metabolism,1993-09-03,RCPSC Specialist
75064,Internal Medicine,2004-06-30,RCPSC Specialist
75064,Endocrinology and Metabolism,2005-09-14,RCPSC Specialist
61161,Internal Medicine,1994-11-16,RCPSC Specialist
61161,Endocrinology and Metabolism,1995-09-08,RCPSC Specialist
92245,Internal Medicine,2022-07-29,CPSO Recognized Specialist
92245,Endocrinology and Metabolism,2022-07-29,CPSO Recognized Specialist
86857,Pediatrics,2011-06-30,RCPSC Specialist
86857,Endocrinology and Metabolism,2012-09-24,RCPSC Specialist
90382,Endocrinology and Metabolism,2009-04-22,CPSO Recognized Specialist
116921,Pediatrics,2021-06-30,RCPSC Specialist
116921,Endocrinology and Metabolism,2022-10-03,RCPSC Specialist
51309,Internal Medicine,1985-06-17,RCPSC Specialist
51309,Endocrinology and Metabolism,1986-09-04,RCPSC Specialist
89885,Pediatrics,2007-06-30,RCPSC Specialist
89885,Endocrinology and Metabolism,2008-09-17,RCPSC Specialist
93154,Internal Medicine,2014-06-30,RCPSC Specialist
93154,Endocrinology and Metabolism,2015-09-21,RCPSC Specialist
93253,Internal Medicine,2014-06-30,RCPSC Specialist
93253,Endocrinology and Metabolism,2015-09-21,RCPSC Specialist
100825,Pediatrics,2017-06-30,RCPSC Specialist
100825,Endocrinology and Metabolism,2018-09-26,RCPSC Specialist
113632,Endocrinology and Metabolism,2017-08-21,CPSO Recognized Specialist
113632,Internal Medicine,2021-03-12,RCPSC Specialist
114669,Endocrinology and Metabolism,2018-06-15,CPSO Recognized Specialist
90624,Internal Medicine,2013-06-30,RCPSC Specialist
90624,Endocrinology and Metabolism,2014-09-23,RCPSC Specialist
68884,Pediatrics,1999-06-30,RCPSC Specialist
68884,Endocrinology and Metabolism,2002-02-28,RCPSC Specialist
119682,Internal Medicine,2018-06-30,RCPSC Specialist
119682,Endocrinology and Metabolism,2019-09-24,RCPSC Specialist
91243,Internal Medicine,2013-06-30,RCPSC Specialist
91243,Endocrinology and Metabolism,2014-09-23,RCPSC Specialist
142071,Internal Medicine,2012-06-30,RCPSC Specialist
142071,Endocrinology and Metabolism,2013-09-26,RCPSC Specialist
117796,Internal Medicine,2021-06-30,RCPSC Specialist
117796,Endocrinology and Metabolism,2022-10-03,RCPSC Specialist
75058,Internal Medicine,2004-06-30,RCPSC Specialist
75058,Endocrinology and Metabolism,2005-09-14,RCPSC Specialist
80772,Internal Medicine,2008-12-31,RCPSC Specialist
80772,Endocrinology and Metabolism,2010-09-27,RCPSC Specialist
117640,Pediatrics,2017-06-30,RCPSC Specialist
117640,Endocrinology and Metabolism,2019-09-24,RCPSC Specialist
84253,Internal Medicine,2010-06-30,RCPSC Specialist
84253,Endocrinology and Metabolism,2011-09-26,RCPSC Specialist
59226,Internal Medicine,1993-06-10,RCPSC Specialist
59226,Endocrinology and Metabolism,1994-09-02,RCPSC Specialist
69190,Internal Medicine,1999-06-30,RCPSC Specialist
69190,Endocrinology and Metabolism,2003-09-10,RCPSC Specialist
82498,Internal Medicine,2012-05-10,RCPSC Specialist
82498,Endocrinology and Metabolism,2015-09-23,RCPSC Specialist
128047,Pediatrics,2020-09-11,RCPSC Specialist
128047,Endocrinology and Metabolism,2021-09-20,RCPSC Specialist
72336,Internal Medicine,2002-09-30,RCPSC Specialist
72336,Endocrinology and Metabolism,2003-09-30,RCPSC Specialist
110498,Endocrinology and Metabolism,2019-07-01,CPSO Recognized Specialist
101240,Internal Medicine,2017-06-30,RCPSC Specialist
101240,Endocrinology and Metabolism,2019-09-24,RCPSC Specialist
93361,Internal Medicine,2014-06-30,RCPSC Specialist
93361,Endocrinology and Metabolism,2015-09-21,RCPSC Specialist
120850,Internal Medicine,2019-05-07,RCPSC Specialist
120850,Endocrinology and Metabolism,2019-09-24,RCPSC Specialist
97148,Endocrinology and Metabolism,2016-09-27,RCPSC Specialist
70107,Internal Medicine,2000-06-30,RCPSC Specialist
70107,Endocrinology and Metabolism,2001-09-05,RCPSC Specialist
123146,Internal Medicine,2020-10-05,CPSO Recognized Specialist
123146,Endocrinology and Metabolism,2021-01-12,CPSO Recognized Specialist
112264,Internal Medicine,2021-06-30,RCPSC Specialist
112264,Endocrinology and Metabolism,2022-10-03,RCPSC Specialist
94935,Endocrinology and Metabolism,2016-09-27,RCPSC Specialist
72253,Internal Medicine,2002-06-30,RCPSC Specialist
72253,Endocrinology and Metabolism,2003-09-10,RCPSC Specialist
52750,Internal Medicine,1988-06-14,RCPSC Specialist
52750,Endocrinology and Metabolism,1991-09-06,RCPSC Specialist
56925,Internal Medicine,1991-11-19,RCPSC Specialist
56925,Endocrinology and Metabolism,1995-09-08,RCPSC Specialist
109588,Internal Medicine,2020-06-30,RCPSC Specialist
109588,Endocrinology and Metabolism,2021-09-20,RCPSC Specialist
73200,Internal Medicine,2001-06-30,RCPSC Specialist
73200,Endocrinology and Metabolism,2002-09-12,RCPSC Specialist
74798,Internal Medicine,2002-08-31,RCPSC Specialist
74798,Endocrinology and Metabolism,2003-09-10,RCPSC Specialist
93016,Internal Medicine,2014-06-30,RCPSC Specialist
93016,Endocrinology and Metabolism,2018-09-26,RCPSC Specialist
108626,Internal Medicine,2018-06-30,RCPSC Specialist
108626,Endocrinology and Metabolism,2019-09-24,RCPSC Specialist
106680,Internal Medicine,2019-06-30,RCPSC Specialist
106680,Endocrinology and Metabolism,2020-10-08,RCPSC Specialist
75080,Internal Medicine,2004-06-30,RCPSC Specialist
75080,Endocrinology and Metabolism,2006-09-13,RCPSC Specialist
95315,Internal Medicine,2015-05-05,RCPSC Specialist
95315,Endocrinology and Metabolism,2015-09-21,RCPSC Specialist
72567,Internal Medicine,2002-06-30,RCPSC Specialist
72567,Endocrinology and Metabolism,2003-09-10,RCPSC Specialist
51478,Internal Medicine,1984-06-13,RCPSC Specialist
51478,Endocrinology and Metabolism,1985-09-05,RCPSC Specialist
95281,Internal Medicine,2012-06-30,RCPSC Specialist
95281,Endocrinology and Metabolism,2013-09-26,RCPSC Specialist
91124,Internal Medicine,2013-06-30,RCPSC Specialist
91124,Endocrinology and Metabolism,2014-09-23,RCPSC Specialist
73571,Internal Medicine,2003-06-30,RCPSC Specialist
73571,Endocrinology and Metabolism,2004-09-15,RCPSC Specialist
51726,Internal Medicine,1985-06-09,RCPSC Specialist
51726,Endocrinology and Metabolism,1995-09-08,RCPSC Specialist
59445,Internal Medicine,1992-06-04,RCPSC Specialist
59445,Endocrinology and Metabolism,1993-09-03,RCPSC Specialist
97952,Pediatrics,2016-06-30,RCPSC Specialist
97952,Endocrinology and Metabolism,2017-09-26,RCPSC Specialist
59085,Pediatrics,1989-06-07,RCPSC Specialist
59085,Endocrinology and Metabolism,1991-09-06,RCPSC Specialist
20781,Internal Medicine,1965-01-01,RCPSC Specialist
20781,Endocrinology and Metabolism,1985-09-05,RCPSC Specialist
105488,Internal Medicine,2017-06-30,RCPSC Specialist
105488,Endocrinology and Metabolism,2018-09-26,RCPSC Specialist
32177,Internal Medicine,1983-06-09,RCPSC Specialist
32177,Endocrinology and Metabolism,1985-09-05,RCPSC Specialist
86677,Internal Medicine,2011-06-30,RCPSC Specialist
86677,Endocrinology and Metabolism,2012-09-24,RCPSC Specialist
62376,Pediatrics,1995-06-30,RCPSC Specialist
62376,Endocrinology and Metabolism,1996-09-06,RCPSC Specialist
100217,Internal Medicine,2018-06-30,RCPSC Specialist
100217,Endocrinology and Metabolism,2020-06-30,RCPSC Specialist
95723,Internal Medicine,2015-06-30,RCPSC Specialist
95723,Endocrinology and Metabolism,2016-09-27,RCPSC Specialist
100390,Internal Medicine,2017-06-30,RCPSC Specialist
100390,Endocrinology and Metabolism,2018-09-26,RCPSC Specialist
99648,Internal Medicine,2012-11-22,CPSO Recognized Specialist
99648,Endocrinology and Metabolism,2012-11-22,CPSO Recognized Specialist
79460,Pediatrics,2008-05-15,RCPSC Specialist
79460,Endocrinology and Metabolism,2009-09-23,RCPSC Specialist
51568,Pediatrics,1988-11-17,RCPSC Specialist
51568,Endocrinology and Metabolism,1993-09-03,RCPSC Specialist
97247,Internal Medicine,2014-06-30,RCPSC Specialist
97247,Endocrinology and Metabolism,2015-09-21,RCPSC Specialist
66595,Internal Medicine,1997-06-30,RCPSC Specialist
66595,Endocrinology and Metabolism,1998-09-10,RCPSC Specialist
109450,Internal Medicine,2020-06-30,RCPSC Specialist
109450,Endocrinology and Metabolism,2021-09-20,RCPSC Specialist
65043,Internal Medicine,1999-06-29,RCPSC Specialist
65043,Endocrinology and Metabolism,2000-09-07,RCPSC Specialist
97400,Internal Medicine,2014-06-30,RCPSC Specialist
97400,Endocrinology and Metabolism,2015-09-21,RCPSC Specialist
58098,Internal Medicine,1992-06-09,RCPSC Specialist
58098,Endocrinology and Metabolism,1993-09-03,RCPSC Specialist
58794,Pediatrics,1989-11-30,RCPSC Specialist
58794,Endocrinology and Metabolism,1990-09-07,RCPSC Specialist
89847,Pediatrics,2004-06-30,RCPSC Specialist
89847,Endocrinology and Metabolism,2006-09-13,RCPSC Specialist
80945,Internal Medicine,2008-06-30,RCPSC Specialist
80945,Endocrinology and Metabolism,2009-09-23,RCPSC Specialist
65507,Pediatrics,1997-06-30,RCPSC Specialist
65507,Endocrinology and Metabolism,1998-09-10,RCPSC Specialist
33214,Internal Medicine,1985-06-19,RCPSC Specialist
33214,Endocrinology and Metabolism,1986-09-04,RCPSC Specialist
71353,Internal Medicine,2001-06-30,RCPSC Specialist
71353,Endocrinology and Metabolism,2002-09-12,RCPSC Specialist
95767,Internal Medicine,2015-06-30,RCPSC Specialist
95767,Endocrinology and Metabolism,2016-09-27,RCPSC Specialist
112742,Internal Medicine,2021-06-30,RCPSC Specialist
112742,Endocrinology and Metabolism,2022-10-03,RCPSC Specialist
73597,Internal Medicine,2003-06-30,RCPSC Specialist
73597,Endocrinology and Metabolism,2004-09-15,RCPSC Specialist
94214,Internal Medicine,2011-05-12,CPSO Recognized Specialist
94214,Endocrinology and Metabolism,2011-05-12,CPSO Recognized Specialist
80698,Pediatrics,2008-06-30,RCPSC Specialist
80698,Endocrinology and Metabolism,2009-09-23,RCPSC Specialist
97970,Internal Medicine,2016-06-30,RCPSC Specialist
97970,Endocrinology and Metabolism,2017-09-26,RCPSC Specialist
69799,Internal Medicine,1992-06-05,RCPSC Specialist
69799,Endocrinology and Metabolism,1993-09-15,RCPSC Specialist
60515,Internal Medicine,1991-06-06,RCPSC Specialist
60515,Endocrinology and Metabolism,1992-09-03,RCPSC Specialist
56213,Internal Medicine,1991-06-04,RCPSC Specialist
56213,Endocrinology and Metabolism,1992-09-03,RCPSC Specialist
43067,Internal Medicine,1983-06-06,RCPSC Specialist
43067,Endocrinology and Metabolism,1985-11-05,RCPSC Specialist
25747,Internal Medicine,1976-01-01,RCPSC Specialist
25747,Endocrinology and Metabolism,1985-09-05,RCPSC Specialist
52976,Internal Medicine,1987-11-16,RCPSC Specialist
52976,Endocrinology and Metabolism,1988-09-09,RCPSC Specialist
51806,Endocrinology and Metabolism,1989-09-08,RCPSC Specialist
51806,Internal Medicine,1989-06-14,RCPSC Specialist
62617,Pediatrics,1994-06-30,RCPSC Specialist
62617,Endocrinology and Metabolism,1995-09-08,RCPSC Specialist
100847,Internal Medicine,2017-06-30,RCPSC Specialist
100847,Endocrinology and Metabolism,2018-09-26,RCPSC Specialist
70532,Internal Medicine,1995-06-08,RCPSC Specialist
70532,Endocrinology and Metabolism,1996-12-15,RCPSC Specialist
100616,Internal Medicine,2017-06-30,RCPSC Specialist
100616,Endocrinology and Metabolism,2018-09-26,RCPSC Specialist
53937,Internal Medicine,1988-11-15,RCPSC Specialist
53937,Endocrinology and Metabolism,1989-09-08,RCPSC Specialist
102757,Internal Medicine,2014-03-27,CPSO Recognized Specialist
102757,Endocrinology and Metabolism,2014-03-27,CPSO Recognized Specialist
95775,Internal Medicine,2015-06-30,RCPSC Specialist
95775,Endocrinology and Metabolism,2017-09-26,RCPSC Specialist
96741,Internal Medicine,2011-06-07,RCPSC Specialist
96741,Endocrinology and Metabolism,2011-09-26,RCPSC Specialist
55493,Internal Medicine,1991-06-06,RCPSC Specialist
55493,Endocrinology and Metabolism,1991-09-06,RCPSC Specialist
54607,Pediatrics,1986-11-20,RCPSC Specialist
54607,Endocrinology and Metabolism,1997-09-05,RCPSC Specialist
95291,Pediatrics,2015-06-30,RCPSC Specialist
95291,Endocrinology and Metabolism,2016-09-27,RCPSC Specialist
100215,Pediatrics,2017-06-30,RCPSC Specialist
100215,Endocrinology and Metabolism,2018-09-26,RCPSC Specialist
53141,Medical Biochemistry,1986-12-11,RCPSC Specialist
53141,Internal Medicine,1987-06-10,RCPSC Specialist
53141,Endocrinology and Metabolism,1989-09-08,RCPSC Specialist
84373,Internal Medicine,2012-06-30,RCPSC Specialist
84373,Endocrinology and Metabolism,2013-09-26,RCPSC Specialist
81327,Internal Medicine,2008-06-30,RCPSC Specialist
81327,Endocrinology and Metabolism,2009-12-08,RCPSC Specialist
90537,Internal Medicine,2013-06-30,RCPSC Specialist
90537,Endocrinology and Metabolism,2014-09-23,RCPSC Specialist
74806,Pediatrics,2001-06-30,RCPSC Specialist
74806,Endocrinology and Metabolism,2002-09-12,RCPSC Specialist
71163,Pediatrics,2001-06-30,RCPSC Specialist
71163,Endocrinology and Metabolism,2002-09-12,RCPSC Specialist
29911,Endocrinology and Metabolism,1985-09-05,RCPSC Specialist
29911,Internal Medicine,1980-06-09,RCPSC Specialist
79098,Internal Medicine,2007-06-30,RCPSC Specialist
79098,Endocrinology and Metabolism,2008-09-17,RCPSC Specialist
77441,Internal Medicine,2001-06-30,RCPSC Specialist
77441,Endocrinology and Metabolism,2002-09-12,RCPSC Specialist
100617,Internal Medicine,2018-05-08,RCPSC Specialist
100617,Endocrinology and Metabolism,2018-09-26,RCPSC Specialist
96648,Internal Medicine,2015-06-02,RCPSC Specialist
96648,Endocrinology and Metabolism,2019-09-24,RCPSC Specialist
106053,Internal Medicine,2019-06-30,RCPSC Specialist
106053,Endocrinology and Metabolism,2020-10-08,RCPSC Specialist
90877,Internal Medicine,2013-06-30,RCPSC Specialist
90877,Endocrinology and Metabolism,2014-09-23,RCPSC Specialist
80880,Internal Medicine,2009-05-08,RCPSC Specialist
80880,Endocrinology and Metabolism,2010-09-27,RCPSC Specialist
121215,Internal Medicine,2021-03-12,RCPSC Specialist
121215,Endocrinology and Metabolism,2022-10-03,RCPSC Specialist
29077,Internal Medicine,1978-11-17,RCPSC Specialist
29077,Endocrinology and Metabolism,1985-09-05,RCPSC Specialist
90342,Internal Medicine,2011-09-26,RCPSC Specialist
90342,Endocrinology and Metabolism,2012-09-24,RCPSC Specialist
23528,Internal Medicine,1971-11-19,RCPSC Specialist
23528,Endocrinology and Metabolism,1985-09-05,RCPSC Specialist
87881,Internal Medicine,2002-06-30,RCPSC Specialist
87881,Endocrinology and Metabolism,2003-09-10,RCPSC Specialist
113362,Internal Medicine,2021-06-30,RCPSC Specialist
113362,Endocrinology and Metabolism,2022-10-03,RCPSC Specialist
95956,Internal Medicine,2015-06-30,RCPSC Specialist
95956,Endocrinology and Metabolism,2016-09-27,RCPSC Specialist
106105,Internal Medicine,2019-06-30,RCPSC Specialist
106105,Endocrinology and Metabolism,2020-10-08,RCPSC Specialist
100578,Internal Medicine,2017-06-30,RCPSC Specialist
100578,Endocrinology and Metabolism,2018-09-26,RCPSC Specialist
88131,Pediatrics,2009-06-30,RCPSC Specialist
88131,Endocrinology and Metabolism,2010-09-27,RCPSC Specialist
95957,Internal Medicine,2015-06-30,RCPSC Specialist
95957,Endocrinology and Metabolism,2016-09-27,RCPSC Specialist
61902,Internal Medicine,1993-12-31,RCPSC Specialist
61902,Endocrinology and Metabolism,1995-09-08,RCPSC Specialist
86590,Internal Medicine,2011-06-30,RCPSC Specialist
86590,Endocrinology and Metabolism,2012-09-24,RCPSC Specialist
52001,Internal Medicine,1983-11-22,RCPSC Specialist
52001,Endocrinology and Metabolism,2015-04-09,CPSO Recognized Specialist
133873,Endocrinology and Metabolism,2022-08-15,CPSO Recognized Specialist
69254,Pediatrics,1999-06-30,RCPSC Specialist
69254,Endocrinology and Metabolism,2002-09-12,RCPSC Specialist
103219,Internal Medicine,2018-06-30,RCPSC Specialist
103219,Endocrinology and Metabolism,2020-10-08,RCPSC Specialist
80180,Internal Medicine,2011-05-03,RCPSC Specialist
80180,Endocrinology and Metabolism,2011-05-03,RCPSC Specialist
54376,Pediatrics,1988-06-10,RCPSC Specialist
54376,Endocrinology and Metabolism,1989-09-08,RCPSC Specialist
78623,Internal Medicine,2003-05-08,RCPSC Specialist
78623,Endocrinology and Metabolism,2003-09-10,RCPSC Specialist
66337,Pediatrics,1995-11-21,RCPSC Specialist
66337,Endocrinology and Metabolism,1997-09-06,RCPSC Specialist
92947,Internal Medicine,2014-06-30,RCPSC Specialist
92947,Endocrinology and Metabolism,2015-09-21,RCPSC Specialist
90899,Internal Medicine,2013-06-30,RCPSC Specialist
90899,Endocrinology and Metabolism,2014-09-23,RCPSC Specialist
89123,Pediatrics,2014-06-19,RCPSC Specialist
89123,Endocrinology and Metabolism,2015-09-21,RCPSC Specialist
88749,Internal Medicine,2012-12-19,RCPSC Specialist
88749,Endocrinology and Metabolism,2014-12-19,RCPSC Specialist
33055,Internal Medicine,1983-06-06,RCPSC Specialist
33055,Endocrinology and Metabolism,1989-09-08,RCPSC Specialist
98206,Internal Medicine,2016-06-30,RCPSC Specialist
98206,Endocrinology and Metabolism,2017-09-26,RCPSC Specialist
106970,Internal Medicine,2019-06-30,RCPSC Specialist
106970,Endocrinology and Metabolism,2021-02-28,RCPSC Specialist
111892,Internal Medicine,2021-06-30,RCPSC Specialist
111892,Endocrinology and Metabolism,2022-10-03,RCPSC Specialist
75772,Pediatrics,1997-06-30,RCPSC Specialist
75772,Endocrinology and Metabolism,1998-09-10,RCPSC Specialist
88468,Pediatrics,2019-07-01,CPSO Recognized Specialist
88468,Endocrinology and Metabolism,2019-07-01,CPSO Recognized Specialist
27050,Internal Medicine,1971-01-01,RCPSC Specialist
27050,Endocrinology and Metabolism,1987-09-11,RCPSC Specialist
93288,Internal Medicine,2014-06-30,RCPSC Specialist
93288,Endocrinology and Metabolism,2015-09-21,RCPSC Specialist
27273,Internal Medicine,1981-11-17,RCPSC Specialist
27273,Endocrinology and Metabolism,1985-09-05,RCPSC Specialist
58457,Pediatrics,1991-06-03,RCPSC Specialist
58457,Endocrinology and Metabolism,1995-09-08,RCPSC Specialist
116789,Pediatrics,2007-06-30,RCPSC Specialist
116789,Endocrinology and Metabolism,2008-09-17,RCPSC Specialist
65368,Internal Medicine,1996-06-30,RCPSC Specialist
65368,Endocrinology and Metabolism,1997-09-05,RCPSC Specialist
27571,Internal Medicine,1988-06-16,RCPSC Specialist
27571,Endocrinology and Metabolism,1988-09-09,RCPSC Specialist
66943,Internal Medicine,1997-06-30,RCPSC Specialist
66943,Endocrinology and Metabolism,1998-09-10,RCPSC Specialist
23164,Internal Medicine,1968-01-01,RCPSC Specialist
23164,Endocrinology and Metabolism,1985-09-05,RCPSC Specialist
95725,Pediatrics,2015-06-30,RCPSC Specialist
95725,Endocrinology and Metabolism,2016-09-27,RCPSC Specialist
73395,Internal Medicine,2003-06-30,RCPSC Specialist
73395,Endocrinology and Metabolism,2004-09-15,RCPSC Specialist
95962,Internal Medicine,2015-06-30,RCPSC Specialist
95962,Endocrinology and Metabolism,2016-09-27,RCPSC Specialist
99920,Internal Medicine,2015-07-27,RCPSC Specialist
99920,Endocrinology and Metabolism,2016-09-27,RCPSC Specialist
52040,Internal Medicine,1986-06-23,RCPSC Specialist
52040,Endocrinology and Metabolism,1987-09-11,RCPSC Specialist
75499,Internal Medicine,2002-06-30,RCPSC Specialist
75499,Endocrinology and Metabolism,2003-11-07,RCPSC Specialist
63949,Internal Medicine,1995-06-30,RCPSC Specialist
63949,Endocrinology and Metabolism,1996-09-06,RCPSC Specialist
113033,Internal Medicine,2016-06-30,RCPSC Specialist
113033,Endocrinology and Metabolism,2017-09-26,RCPSC Specialist
93214,Pediatrics,2015-06-30,RCPSC Specialist
93214,Endocrinology and Metabolism,2016-09-27,RCPSC Specialist
71645,Internal Medicine,1999-06-30,RCPSC Specialist
71645,Endocrinology and Metabolism,2000-09-07,RCPSC Specialist
82963,Internal Medicine,2009-06-30,RCPSC Specialist
82963,Endocrinology and Metabolism,2010-09-27,RCPSC Specialist
78007,Internal Medicine,2006-06-30,RCPSC Specialist
78007,Endocrinology and Metabolism,2007-09-19,RCPSC Specialist
98296,Internal Medicine,2016-06-30,RCPSC Specialist
98296,Endocrinology and Metabolism,2018-09-26,RCPSC Specialist
97823,Pediatrics,2016-06-30,RCPSC Specialist
97823,Endocrinology and Metabolism,2018-09-26,RCPSC Specialist
69245,Internal Medicine,1999-07-31,RCPSC Specialist
69245,Endocrinology and Metabolism,2000-09-07,RCPSC Specialist
85070,Internal Medicine,2010-06-30,RCPSC Specialist
85070,Endocrinology and Metabolism,2011-09-26,RCPSC Specialist
113655,Internal Medicine,2019-06-30,RCPSC Specialist
113655,Endocrinology and Metabolism,2020-10-08,RCPSC Specialist
95264,Pediatrics,2016-06-15,RCPSC Specialist
95264,Endocrinology and Metabolism,2017-09-26,RCPSC Specialist
23792,Internal Medicine,1973-03-28,RCPSC Specialist
23792,Nuclear Medicine,1976-11-24,RCPSC Specialist
23792,Endocrinology and Metabolism,1985-09-05,RCPSC Specialist
93181,Internal Medicine,2014-07-30,RCPSC Specialist
93181,Endocrinology and Metabolism,2016-09-27,RCPSC Specialist
86000,Pediatrics,2009-06-30,RCPSC Specialist
86000,Endocrinology and Metabolism,2011-09-26,RCPSC Specialist
109028,Pediatrics,2020-09-11,RCPSC Specialist
109028,Endocrinology and Metabolism,2021-09-20,RCPSC Specialist
